feature,importance
vib_total_power_mean_I_minus_II,0.024927712018049282
vib_sideII_rms_max,0.02111098610558997
vib_sideII_power_0_250_std,0.018514924278869277
vib_rms_mean_I_minus_II,0.017216158212885437
vib_sideII_total_power_max,0.017012263686720815
vib_sideII_rms_std,0.0162201096052463
vib_sideII_std_max,0.015207495570109746
vib_sideI_rms_max,0.014740396415049867
vib_sideI_std_max,0.014663698511134098
vib_sideII_power_0_250_max,0.014572107141558684
vib_sideI_total_power_max,0.014221786007651796
vib_sideI_power_0_250_max,0.013696500610874586
vib_sideII_std_std,0.013625375169517572
vib_sideII_total_power_std,0.012588682964218393
vib_rms_mean_I_div_II,0.01221948934680353
vib_sideII_power_0_250_mean,0.012116557729114436
vib_sideI_power_0_250_std,0.011479582903858759
vib_sideI_total_power_std,0.011440246427289111
vib_sideI_power_3000_3500_max,0.011173548803472419
vib_sideI_rms_std,0.011158297417665669
vib_sideII_total_power_mean,0.010385383541069982
vib_sideII_power_250_500_std,0.00981947466036535
vib_sideI_power_250_500_max,0.009726026681875914
vib_total_power_mean_I_div_II,0.00964669211998232
vib_sideII_power_2500_3000_std,0.00931802299746308
vib_sideI_power_4500_5000_max,0.009243428755664184
vib_sideII_power_250_500_mean,0.008980329962407598
vib_sideI_std_std,0.008927809270834992
shock_rms_mean_I_div_II,0.008437091238614518
vib_sideII_power_250_500_max,0.008368075019468398
vib_sideI_power_3000_3500_std,0.008363278805980824
vib_sideI_power_250_500_std,0.008238423536205481
vib_sideI_power_2500_3000_std,0.008191173441625217
vib_sideI_power_4500_5000_std,0.008188491054074556
shock_max_abs_mean_I_div_II,0.007998912285277313
vib_sideII_power_3500_4000_max,0.007924175075593707
shock_max_abs_mean_I_minus_II,0.007830507267245249
vib_sideII_power_4500_5000_std,0.007618854084710269
shock_sideII_power_750_1000_max,0.007138273814532329
vib_sideII_power_4500_5000_max,0.007117396934306579
vib_sideII_power_2500_3000_max,0.006762396851371171
vib_sideI_peak_to_peak_std,0.006744827692856624
vib_sideI_power_3500_4000_std,0.006567377423497394
vib_sideI_max_abs_std,0.00639654270896375
shock_sideII_power_3000_3500_mean,0.006140012019275771
vib_sideI_power_2500_3000_max,0.006110429191648694
vib_sideI_power_500_750_max,0.006005538331763878
vib_sideII_power_750_1000_std,0.005958572499253312
shock_sideI_power_1500_2000_max,0.005863595252875921
vib_sideI_power_1500_2000_max,0.00578574175726432
vib_sideI_total_power_mean,0.005749528223503536
vib_sideI_power_500_750_std,0.005641940573976264
shock_sideII_power_750_1000_std,0.005605063825568739
vib_sideI_power_750_1000_mean,0.005572833576887423
shock_rms_mean_I_minus_II,0.005546872080446819
vib_sideII_power_750_1000_mean,0.005511626062863446
vib_sideI_power_1500_2000_std,0.005389909208088491
vib_sideII_rms_mean,0.005327870377631646
vib_sideI_power_250_500_mean,0.005259238325713589
shock_sideII_power_750_1000_mean,0.004978472290245095
vib_sideI_power_3500_4000_max,0.0048791775644298745
shock_sideII_power_3000_3500_std,0.004712363062522203
vib_sideII_power_3500_4000_std,0.004648268083901519
vib_sideII_std_mean,0.004645862839882528
vib_sideII_power_2500_3000_mean,0.0046399651991702985
vib_sideI_power_4000_4500_max,0.004552192500802294
vib_sideII_crest_factor_mean,0.004422800727724481
shock_sideI_power_500_750_std,0.004405500431517075
vib_sideI_peak_to_peak_max,0.00434760942175632
vib_sideI_power_4000_4500_std,0.004345363373794866
shock_sideII_power_3000_3500_max,0.004333775628894233
shock_total_power_mean_I_minus_II,0.0043251744946759645
shock_sideI_power_750_1000_std,0.004295744901567058
vib_sideI_max_abs_max,0.004213490463509614
vib_sideII_power_3000_3500_std,0.004142801836394154
vib_sideII_power_1000_1500_mean,0.004099372635010726
shock_total_power_mean_I_div_II,0.004079522332304302
shock_sideI_power_750_1000_max,0.004059546880168363
vib_max_abs_mean_I_div_II,0.004037435777207481
vib_sideI_power_3000_3500_mean,0.0038620771488149493
shock_sideI_power_1500_2000_std,0.0037501777244302687
vib_sideI_power_1000_1500_std,0.00366643593230622
shock_sideI_power_2500_3000_max,0.00361832359630224
vib_sideI_power_4500_5000_mean,0.0035489906672413903
vib_sideII_power_3000_3500_max,0.0035185965988218217
vib_sideII_max_abs_std,0.003499448915915356
vib_sideI_power_1500_2000_mean,0.0034598495150627655
vib_sideII_kurtosis_mean,0.0033585280437342544
vib_sideII_power_3000_3500_mean,0.0033318723161316513
vib_sideII_power_1500_2000_max,0.0032586238155019333
vib_sideII_power_500_750_std,0.0032510344995896117
vib_sideII_power_1500_2000_mean,0.003235124693080067
shock_sideII_power_4500_5000_max,0.0031758639436239265
shock_sideI_power_500_750_max,0.0031520175637064895
shock_sideII_power_1000_1500_std,0.0031020453498466134
shock_sideI_power_2500_3000_std,0.003050831500394882
vib_sideII_power_4500_5000_mean,0.003034963151527389
vib_sideII_peak_to_peak_std,0.0030259136203942432
vib_sideI_power_0_250_mean,0.002986770387847392
vib_sideII_power_4000_4500_max,0.0029767579118263024
vib_sideII_power_3500_4000_mean,0.0029415061004220274
shock_sideII_power_1000_1500_max,0.0029328967144081337
vib_sideI_power_3500_4000_mean,0.0028901890716916973
vib_sideII_power_2000_2500_mean,0.002873183247981607
shock_sideII_power_3500_4000_std,0.0028292887219521896
vib_sideI_kurtosis_mean,0.002714851978514267
shock_sideI_peak_to_peak_std,0.0026989749007352284
vib_sideII_power_750_1000_max,0.0026925913004949105
vib_sideII_power_1500_2000_std,0.0026771235442875317
shock_sideII_power_1000_1500_mean,0.002665755429831423
vib_sideII_power_500_750_max,0.002663323027424722
shock_sideI_power_1000_1500_std,0.002650104582884214
vib_max_abs_mean_I_minus_II,0.0026499753093841764
vib_sideII_crest_factor_std,0.002636404535365154
vib_sideI_power_750_1000_max,0.002627480214580238
vib_sideII_power_500_750_mean,0.0025845450287471446
vib_sideI_crest_factor_mean,0.0025801834129860575
vib_sideI_max_abs_mean,0.0025381442802577367
vib_sideI_crest_factor_std,0.0024917091895391625
vib_sideI_power_500_750_mean,0.002484661591694635
shock_sideII_power_500_750_max,0.0024633507736552215
vib_sideI_power_750_1000_std,0.002455860671021633
vib_sideII_crest_factor_max,0.0024283797734944686
vib_sideII_kurtosis_std,0.0024265203987918925
shock_sideII_power_4500_5000_std,0.0024182455265250175
vib_sideI_rms_mean,0.002406002639285675
vib_sideII_power_2000_2500_max,0.0023890431796502625
shock_sideI_power_750_1000_mean,0.0023786341987161227
shock_sideII_rms_std,0.0023717888164044485
shock_sideII_max_abs_max,0.0023617588539557254
vib_sideI_power_4000_4500_mean,0.0022808269452418203
shock_sideII_power_2500_3000_std,0.002279072670847525
shock_sideII_power_500_750_std,0.0022631339061041944
shock_sideII_power_4000_4500_std,0.002255746774046964
shock_sideII_power_0_250_max,0.0022555116989237344
vib_sideII_max_abs_mean,0.0022510050738544524
vib_sideII_power_1000_1500_std,0.002165334417096804
vib_sideI_power_2500_3000_mean,0.002149387844249999
vib_sideI_power_1000_1500_max,0.002147504661213498
shock_sideI_power_2000_2500_std,0.0021457106579123816
vib_sideII_power_2000_2500_std,0.0021456813032428045
vib_sideI_dominant_frequency_mean,0.0021170512281593386
shock_sideI_power_3000_3500_mean,0.0021048042264612764
shock_sideI_power_3000_3500_max,0.0020666948942911394
vib_sideI_kurtosis_std,0.0020545902664138435
shock_sideII_power_1500_2000_std,0.002052975385506833
shock_sideI_peak_to_peak_max,0.002051008646353915
shock_sideII_power_0_250_mean,0.0020464652200859923
vib_sideII_power_1000_1500_max,0.0020255494144465007
shock_sideI_power_3000_3500_std,0.0020002122137004292
shock_sideII_power_4000_4500_max,0.0019903280400956776
shock_sideI_max_abs_mean,0.0019309535744871614
shock_sideII_power_2500_3000_mean,0.0019306967103760488
vib_sideII_max_abs_max,0.0019078766030125656
vib_sideI_crest_factor_max,0.0018929329890546927
vib_sideI_kurtosis_max,0.0018587971675186768
shock_sideII_power_3500_4000_max,0.0018582279106375895
vib_sideI_peak_to_peak_mean,0.0018530803898514487
shock_sideII_crest_factor_mean,0.001833223832460572
shock_sideII_power_1500_2000_mean,0.00179446840870634
vib_sideII_kurtosis_max,0.0017847743935413202
shock_sideI_rms_max,0.0017772595673256467
shock_sideII_power_2500_3000_max,0.0017756437193598054
vib_sideII_power_4000_4500_std,0.0017647775813443615
vib_kurtosis_mean_I_minus_II,0.0017582232760718615
shock_sideII_power_1500_2000_max,0.0017469029947028234
shock_sideI_power_1000_1500_max,0.0017355409727073366
shock_sideII_rms_max,0.0017182197670233042
vib_sideII_peak_to_peak_mean,0.0017056894235429254
shock_sideII_kurtosis_mean,0.0017047747495977303
vib_sideI_std_mean,0.0017011421271400427
vib_sideI_power_2000_2500_mean,0.0016809486324642256
vib_sideII_peak_to_peak_max,0.0016580968867773783
vib_kurtosis_mean_I_div_II,0.0016539041652736568
shock_sideII_power_2000_2500_mean,0.001652411611907042
shock_sideI_power_2000_2500_max,0.0016456631385566415
shock_sideII_power_250_500_std,0.001625321289303397
shock_sideI_max_abs_std,0.0016215555237315705
shock_sideII_power_250_500_max,0.0016137259800516634
shock_sideI_kurtosis_max,0.0016136321417852613
shock_sideII_power_4500_5000_mean,0.0015981706153595492
shock_sideII_std_max,0.0015910165283246043
vib_sideI_dominant_frequency_std,0.0015787415658768574
shock_sideII_power_4000_4500_mean,0.0015544113254733225
shock_kurtosis_mean_I_div_II,0.0015513019067835664
shock_sideI_power_4000_4500_mean,0.0015506370478735783
shock_sideI_power_3500_4000_std,0.001546205222509093
shock_sideI_power_2500_3000_mean,0.0015338555957968968
vib_sideII_dominant_frequency_std,0.001533079775864673
shock_sideI_max_abs_max,0.0015233200590233295
vib_sideI_power_2000_2500_max,0.0015191814787420344
vib_sideI_power_1000_1500_mean,0.001514681048489144
shock_sideI_power_1000_1500_mean,0.0015098425849061055
vib_sideII_dominant_frequency_max,0.0015012738339112526
vib_sideII_power_4000_4500_mean,0.0014798889979192034
shock_sideI_power_4500_5000_std,0.001478545695413388
shock_sideI_power_2000_2500_mean,0.001475402986793673
shock_sideI_total_power_std,0.001462938103266982
shock_sideII_crest_factor_std,0.0014477225239210958
shock_sideI_kurtosis_mean,0.0014455629410375774
shock_sideI_power_4500_5000_mean,0.001377811828388751
shock_sideII_kurtosis_max,0.0013335541315789888
vib_sideII_dominant_frequency_mean,0.001300581557305063
shock_sideII_total_power_max,0.0012955430065290333
shock_sideI_peak_to_peak_mean,0.0012940527086819753
shock_sideII_std_std,0.0012901180400402578
shock_sideII_power_0_250_std,0.001266661923780533
shock_sideI_power_4000_4500_std,0.0012519191848160479
shock_sideII_max_abs_std,0.0012486242662157426
shock_sideII_power_3500_4000_mean,0.0012467155332659503
shock_sideII_kurtosis_std,0.0012450545383266276
shock_sideII_crest_factor_max,0.0012394975358670486
shock_sideI_power_4500_5000_max,0.0012340368966143648
shock_sideII_power_2000_2500_std,0.0012300566636775669
shock_sideII_peak_to_peak_max,0.001229807005597043
shock_sideI_power_3500_4000_mean,0.0012082209732042777
shock_sideI_kurtosis_std,0.0011913098077483996
shock_sideI_power_1500_2000_mean,0.0011887510531861326
shock_sideI_total_power_max,0.0011810252219423114
shock_sideI_power_4000_4500_max,0.0011552860745313775
shock_sideII_total_power_std,0.0011411941554859515
vib_sideI_power_2000_2500_std,0.0011282394687355155
shock_sideII_power_500_750_mean,0.0011251166982534577
shock_sideII_power_2000_2500_max,0.00111321576378997
shock_sideI_std_mean,0.0011051790822055032
shock_sideI_power_0_250_std,0.0010998816244876264
shock_sideI_crest_factor_max,0.0010979809732031814
shock_sideI_std_max,0.0010840023816612594
vib_sideI_dominant_frequency_max,0.0010709143255750275
shock_sideI_power_0_250_mean,0.0010458907577956386
shock_kurtosis_mean_I_minus_II,0.0010264118209704104
shock_sideII_std_mean,0.000995761557769356
shock_sideI_power_3500_4000_max,0.0009697957812048644
shock_sideII_peak_to_peak_std,0.0009614321121131128
shock_sideI_power_250_500_mean,0.0009586905087070543
shock_sideII_total_power_mean,0.0009347493190185823
shock_sideI_power_250_500_std,0.0009322801583140669
shock_sideI_power_500_750_mean,0.0009089282108528401
shock_sideI_rms_mean,0.0008765882444888429
shock_sideI_dominant_frequency_std,0.000852099836384862
shock_sideI_dominant_frequency_mean,0.0008423520432693705
shock_sideI_total_power_mean,0.0008185341627754791
shock_sideI_std_std,0.0007820254627126703
shock_sideI_power_250_500_max,0.0007738392010463647
shock_sideII_max_abs_mean,0.0007557643016850244
shock_sideII_dominant_frequency_std,0.0007536283680779161
shock_sideI_crest_factor_mean,0.0007463103910295175
shock_sideI_power_0_250_max,0.0007425164689497458
shock_sideII_peak_to_peak_mean,0.0007285747661752739
shock_sideII_dominant_frequency_max,0.0006949909162186313
shock_sideI_dominant_frequency_max,0.0006869789041138243
shock_sideII_power_250_500_mean,0.0006723121019686189
shock_sideI_crest_factor_std,0.0006148734240884246
shock_sideII_rms_mean,0.000570595511789503
shock_sideI_rms_std,0.0005411737460462504
shock_sideII_dominant_frequency_mean,0.0005368888312011893
