experiment,fold,macro_f1,normal_f1,side_I_f1,side_II_f1,n_features
XGB_all_baseline,1,0.5347222222222222,0.9375,0.0,0.6666666666666666,847
XGB_all_baseline,2,0.7063573883161512,0.9690721649484536,0.4,0.75,847
XGB_all_baseline,3,0.9661127403062887,0.989247311827957,1.0,0.9090909090909091,847
XGB_all_baseline,4,0.6563573883161512,0.9690721649484536,0.0,1.0,847
XGB_all_baseline,5,0.7558707643814028,0.9787234042553191,0.4,0.8888888888888888,847
XGB_all_baseline,6,0.6435374149659864,0.9591836734693877,0.4,0.5714285714285714,847
XGB_all_baseline,7,0.9298245614035089,0.9894736842105263,0.8,1.0,847
XGB_all_baseline,8,0.6747044917257683,0.9574468085106383,0.4,0.6666666666666666,847
XGB_all_baseline,9,0.7927875243664717,0.9894736842105263,0.5,0.8888888888888888,847
XGB_all_baseline,10,0.7552042160737814,0.9565217391304348,0.4,0.9090909090909091,847
XGB_all_baseline,11,0.6178187403993856,0.967741935483871,0.2857142857142857,0.6,847
XGB_all_baseline,12,0.8263888888888888,0.9791666666666666,0.5,1.0,847
XGB_all_baseline,13,0.5930555555555556,0.9791666666666666,0.0,0.8,847
XGB_all_baseline,14,0.9298245614035089,0.9894736842105263,0.8,1.0,847
XGB_all_baseline,15,0.7361111111111112,0.9583333333333334,0.5,0.75,847
XGB_all_baseline,16,0.7560185185185185,0.9791666666666666,0.4,0.8888888888888888,847
XGB_all_baseline,17,0.8893518518518518,0.9791666666666666,0.8,0.8888888888888888,847
XGB_all_baseline,18,0.7018445322793149,0.9782608695652174,0.4,0.7272727272727273,847
XGB_all_baseline,19,0.7430555555555555,0.9791666666666666,0.5,0.75,847
XGB_all_baseline,20,0.7857699805068226,0.968421052631579,0.5,0.8888888888888888,847
XGB_all_baseline,21,0.5540621266427718,0.967741935483871,0.25,0.4444444444444444,847
XGB_all_baseline,22,0.7555125725338492,0.9574468085106383,0.4,0.9090909090909091,847
XGB_all_baseline,23,0.9097222222222222,0.9791666666666666,1.0,0.75,847
XGB_all_baseline,24,0.7927875243664717,0.9894736842105263,0.5,0.8888888888888888,847
XGB_all_baseline,25,0.7857699805068226,0.968421052631579,0.5,0.8888888888888888,847
XGB_vibration_only,1,0.5347222222222222,0.9375,0.0,0.6666666666666666,614
XGB_vibration_only,2,0.6875,0.9791666666666666,0.3333333333333333,0.75,614
XGB_vibration_only,3,0.9661127403062887,0.989247311827957,1.0,0.9090909090909091,614
XGB_vibration_only,4,0.6563573883161512,0.9690721649484536,0.0,1.0,614
XGB_vibration_only,5,0.8482676224611708,0.989247311827957,0.6666666666666666,0.8888888888888888,614
XGB_vibration_only,6,0.7063573883161512,0.9690721649484536,0.4,0.75,614
XGB_vibration_only,7,0.9153439153439153,1.0,0.8571428571428571,0.8888888888888888,614
XGB_vibration_only,8,0.6747044917257683,0.9574468085106383,0.4,0.6666666666666666,614
XGB_vibration_only,9,0.7927875243664717,0.9894736842105263,0.5,0.8888888888888888,614
XGB_vibration_only,10,0.7892473118279569,0.967741935483871,0.4,1.0,614
XGB_vibration_only,11,0.6178187403993856,0.967741935483871,0.2857142857142857,0.6,614
XGB_vibration_only,12,0.7560185185185185,0.9791666666666666,0.4,0.8888888888888888,614
XGB_vibration_only,13,0.6328548644338118,0.9894736842105263,0.0,0.9090909090909091,614
XGB_vibration_only,14,1.0,1.0,1.0,1.0,614
XGB_vibration_only,15,0.7361111111111112,0.9583333333333334,0.5,0.75,614
XGB_vibration_only,16,0.7560185185185185,0.9791666666666666,0.4,0.8888888888888888,614
XGB_vibration_only,17,0.8483430799220272,0.9894736842105263,0.6666666666666666,0.8888888888888888,614
XGB_vibration_only,18,0.7018445322793149,0.9782608695652174,0.4,0.7272727272727273,614
XGB_vibration_only,19,0.7430555555555555,0.9791666666666666,0.5,0.75,614
XGB_vibration_only,20,0.8816425120772946,0.9782608695652174,0.6666666666666666,1.0,614
XGB_vibration_only,21,0.5540621266427718,0.967741935483871,0.25,0.4444444444444444,614
XGB_vibration_only,22,0.818840579710145,0.9565217391304348,0.6666666666666666,0.8333333333333334,614
XGB_vibration_only,23,0.9594541910331383,0.9894736842105263,1.0,0.8888888888888888,614
XGB_vibration_only,24,0.7927875243664717,0.9894736842105263,0.5,0.8888888888888888,614
XGB_vibration_only,25,0.7857699805068226,0.968421052631579,0.5,0.8888888888888888,614
XGB_vibration_speed,1,0.5347222222222222,0.9375,0.0,0.6666666666666666,617
XGB_vibration_speed,2,0.6875,0.9791666666666666,0.3333333333333333,0.75,617
XGB_vibration_speed,3,0.9661127403062887,0.989247311827957,1.0,0.9090909090909091,617
XGB_vibration_speed,4,0.6563573883161512,0.9690721649484536,0.0,1.0,617
XGB_vibration_speed,5,0.8482676224611708,0.989247311827957,0.6666666666666666,0.8888888888888888,617
XGB_vibration_speed,6,0.7063573883161512,0.9690721649484536,0.4,0.75,617
XGB_vibration_speed,7,0.9153439153439153,1.0,0.8571428571428571,0.8888888888888888,617
XGB_vibration_speed,8,0.5969267139479906,0.9574468085106383,0.3333333333333333,0.5,617
XGB_vibration_speed,9,0.7927875243664717,0.9894736842105263,0.5,0.8888888888888888,617
XGB_vibration_speed,10,0.7892473118279569,0.967741935483871,0.4,1.0,617
XGB_vibration_speed,11,0.6178187403993856,0.967741935483871,0.2857142857142857,0.6,617
XGB_vibration_speed,12,0.7560185185185185,0.9791666666666666,0.4,0.8888888888888888,617
XGB_vibration_speed,13,0.6328548644338118,0.9894736842105263,0.0,0.9090909090909091,617
XGB_vibration_speed,14,0.9298245614035089,0.9894736842105263,0.8,1.0,617
XGB_vibration_speed,15,0.7361111111111112,0.9583333333333334,0.5,0.75,617
XGB_vibration_speed,16,0.7560185185185185,0.9791666666666666,0.4,0.8888888888888888,617
XGB_vibration_speed,17,0.8483430799220272,0.9894736842105263,0.6666666666666666,0.8888888888888888,617
XGB_vibration_speed,18,0.7018445322793149,0.9782608695652174,0.4,0.7272727272727273,617
XGB_vibration_speed,19,0.7430555555555555,0.9791666666666666,0.5,0.75,617
XGB_vibration_speed,20,0.8816425120772946,0.9782608695652174,0.6666666666666666,1.0,617
XGB_vibration_speed,21,0.5540621266427718,0.967741935483871,0.25,0.4444444444444444,617
XGB_vibration_speed,22,0.818840579710145,0.9565217391304348,0.6666666666666666,0.8333333333333334,617
XGB_vibration_speed,23,0.9097222222222222,0.9791666666666666,1.0,0.75,617
XGB_vibration_speed,24,0.7927875243664717,0.9894736842105263,0.5,0.8888888888888888,617
XGB_vibration_speed,25,0.7857699805068226,0.968421052631579,0.5,0.8888888888888888,617
XGB_top75,1,0.5347222222222222,0.9375,0.0,0.6666666666666666,75
XGB_top75,2,0.6631578947368421,0.9894736842105263,0.3333333333333333,0.6666666666666666,75
XGB_top75,3,0.9661127403062887,0.989247311827957,1.0,0.9090909090909091,75
XGB_top75,4,0.8263888888888888,0.9791666666666666,0.5,1.0,75
XGB_top75,5,0.7558707643814028,0.9787234042553191,0.4,0.8888888888888888,75
XGB_top75,6,0.7357224676812306,0.9690721649484536,0.6666666666666666,0.5714285714285714,75
XGB_top75,7,0.7336917562724015,0.967741935483871,0.4,0.8333333333333334,75
XGB_top75,8,0.5773169482846902,0.946236559139785,0.2857142857142857,0.5,75
XGB_top75,9,0.7430555555555555,0.9791666666666666,0.5,0.75,75
XGB_top75,10,0.8816425120772946,0.9782608695652174,0.6666666666666666,1.0,75
XGB_top75,11,0.7114695340501792,0.967741935483871,0.5,0.6666666666666666,75
XGB_top75,12,0.7894736842105262,0.968421052631579,0.4,1.0,75
XGB_top75,13,0.6328548644338118,0.9894736842105263,0.0,0.9090909090909091,75
XGB_top75,14,0.8307435254803676,0.968421052631579,0.6666666666666666,0.8571428571428571,75
XGB_top75,15,0.959378733572282,0.989247311827957,1.0,0.8888888888888888,75
XGB_top75,16,0.7560185185185185,0.9791666666666666,0.4,0.8888888888888888,75
XGB_top75,17,0.6160241874527589,0.9591836734693877,0.0,0.8888888888888888,75
XGB_top75,18,0.8149758454106281,0.9782608695652174,0.6666666666666666,0.8,75
XGB_top75,19,0.7430555555555555,0.9791666666666666,0.5,0.75,75
XGB_top75,20,0.8816425120772946,0.9782608695652174,0.6666666666666666,1.0,75
XGB_top75,21,0.5540621266427718,0.967741935483871,0.25,0.4444444444444444,75
XGB_top75,22,0.818840579710145,0.9565217391304348,0.6666666666666666,0.8333333333333334,75
XGB_top75,23,0.9594541910331383,0.9894736842105263,1.0,0.8888888888888888,75
XGB_top75,24,1.0,1.0,1.0,1.0,75
XGB_top75,25,0.7857699805068226,0.968421052631579,0.5,0.8888888888888888,75
XGB_top100,1,0.5347222222222222,0.9375,0.0,0.6666666666666666,100
XGB_top100,2,0.6631578947368421,0.9894736842105263,0.3333333333333333,0.6666666666666666,100
XGB_top100,3,0.9661127403062887,0.989247311827957,1.0,0.9090909090909091,100
XGB_top100,4,0.8263888888888888,0.9791666666666666,0.5,1.0,100
XGB_top100,5,0.7558707643814028,0.9787234042553191,0.4,0.8888888888888888,100
XGB_top100,6,0.7357224676812306,0.9690721649484536,0.6666666666666666,0.5714285714285714,100
XGB_top100,7,0.8959381044487428,0.9787234042553191,0.8,0.9090909090909091,100
XGB_top100,8,0.6363008971704623,0.9565217391304348,0.2857142857142857,0.6666666666666666,100
XGB_top100,9,0.7430555555555555,0.9791666666666666,0.5,0.75,100
XGB_top100,10,0.7892473118279569,0.967741935483871,0.4,1.0,100
XGB_top100,11,0.7114695340501792,0.967741935483871,0.5,0.6666666666666666,100
XGB_top100,12,0.6527777777777778,0.9583333333333334,0.0,1.0,100
XGB_top100,13,0.8585858585858586,1.0,0.6666666666666666,0.9090909090909091,100
XGB_top100,14,0.8307435254803676,0.968421052631579,0.6666666666666666,0.8571428571428571,100
XGB_top100,15,0.7857699805068226,0.968421052631579,0.5,0.8888888888888888,100
XGB_top100,16,0.7228070175438597,0.968421052631579,0.4,0.8,100
XGB_top100,17,0.7859870179457809,0.9690721649484536,0.5,0.8888888888888888,100
XGB_top100,18,0.7794871794871794,0.967032967032967,0.5714285714285714,0.8,100
XGB_top100,19,0.7430555555555555,0.9791666666666666,0.5,0.75,100
XGB_top100,20,0.9297491039426523,0.989247311827957,0.8,1.0,100
XGB_top100,21,0.5540621266427718,0.967741935483871,0.25,0.4444444444444444,100
XGB_top100,22,0.818840579710145,0.9565217391304348,0.6666666666666666,0.8333333333333334,100
XGB_top100,23,0.9097222222222222,0.9791666666666666,1.0,0.75,100
XGB_top100,24,0.8263888888888888,0.9791666666666666,0.5,1.0,100
XGB_top100,25,0.7857699805068226,0.968421052631579,0.5,0.8888888888888888,100
XGB_top125,1,0.5347222222222222,0.9375,0.0,0.6666666666666666,125
XGB_top125,2,0.6631578947368421,0.9894736842105263,0.3333333333333333,0.6666666666666666,125
XGB_top125,3,0.9661127403062887,0.989247311827957,1.0,0.9090909090909091,125
XGB_top125,4,0.8263888888888888,0.9791666666666666,0.5,1.0,125
XGB_top125,5,0.7558707643814028,0.9787234042553191,0.4,0.8888888888888888,125
XGB_top125,6,0.7357224676812306,0.9690721649484536,0.6666666666666666,0.5714285714285714,125
XGB_top125,7,0.6224747474747475,0.9583333333333334,0.0,0.9090909090909091,125
XGB_top125,8,0.5773169482846902,0.946236559139785,0.2857142857142857,0.5,125
XGB_top125,9,0.7430555555555555,0.9791666666666666,0.5,0.75,125
XGB_top125,10,0.8816425120772946,0.9782608695652174,0.6666666666666666,1.0,125
XGB_top125,11,0.7114695340501792,0.967741935483871,0.5,0.6666666666666666,125
XGB_top125,12,0.6527777777777778,0.9583333333333334,0.0,1.0,125
XGB_top125,13,0.8585858585858586,1.0,0.6666666666666666,0.9090909090909091,125
XGB_top125,14,0.8787698412698414,0.9791666666666666,0.8,0.8571428571428571,125
XGB_top125,15,0.8394736842105264,0.968421052631579,0.8,0.75,125
XGB_top125,16,0.7560185185185185,0.9791666666666666,0.4,0.8888888888888888,125
XGB_top125,17,0.8893518518518518,0.9791666666666666,0.8,0.8888888888888888,125
XGB_top125,18,0.8149758454106281,0.9782608695652174,0.6666666666666666,0.8,125
XGB_top125,19,0.7430555555555555,0.9791666666666666,0.5,0.75,125
XGB_top125,20,0.9297491039426523,0.989247311827957,0.8,1.0,125
XGB_top125,21,0.5540621266427718,0.967741935483871,0.25,0.4444444444444444,125
XGB_top125,22,0.818840579710145,0.9565217391304348,0.6666666666666666,0.8333333333333334,125
XGB_top125,23,0.9097222222222222,0.9791666666666666,1.0,0.75,125
XGB_top125,24,0.8263888888888888,0.9791666666666666,0.5,1.0,125
XGB_top125,25,0.7857699805068226,0.968421052631579,0.5,0.8888888888888888,125
XGB_top150,1,0.5347222222222222,0.9375,0.0,0.6666666666666666,150
XGB_top150,2,0.746031746031746,1.0,0.5714285714285714,0.6666666666666666,150
XGB_top150,3,0.9661127403062887,0.989247311827957,1.0,0.9090909090909091,150
XGB_top150,4,0.8263888888888888,0.9791666666666666,0.5,1.0,150
XGB_top150,5,0.7558707643814028,0.9787234042553191,0.4,0.8888888888888888,150
XGB_top150,6,0.7357224676812306,0.9690721649484536,0.6666666666666666,0.5714285714285714,150
XGB_top150,7,0.7925039872408294,0.968421052631579,0.5,0.9090909090909091,150
XGB_top150,8,0.5773169482846902,0.946236559139785,0.2857142857142857,0.5,150
XGB_top150,9,0.7430555555555555,0.9791666666666666,0.5,0.75,150
XGB_top150,10,0.8816425120772946,0.9782608695652174,0.6666666666666666,1.0,150
XGB_top150,11,0.7114695340501792,0.967741935483871,0.5,0.6666666666666666,150
XGB_top150,12,0.6527777777777778,0.9583333333333334,0.0,1.0,150
XGB_top150,13,0.8585858585858586,1.0,0.6666666666666666,0.9090909090909091,150
XGB_top150,14,0.8787698412698414,0.9791666666666666,0.8,0.8571428571428571,150
XGB_top150,15,0.8394736842105264,0.968421052631579,0.8,0.75,150
XGB_top150,16,0.7560185185185185,0.9791666666666666,0.4,0.8888888888888888,150
XGB_top150,17,0.7859870179457809,0.9690721649484536,0.5,0.8888888888888888,150
XGB_top150,18,0.8149758454106281,0.9782608695652174,0.6666666666666666,0.8,150
XGB_top150,19,0.7430555555555555,0.9791666666666666,0.5,0.75,150
XGB_top150,20,0.9297491039426523,0.989247311827957,0.8,1.0,150
XGB_top150,21,0.5540621266427718,0.967741935483871,0.25,0.4444444444444444,150
XGB_top150,22,0.818840579710145,0.9565217391304348,0.6666666666666666,0.8333333333333334,150
XGB_top150,23,0.9097222222222222,0.9791666666666666,1.0,0.75,150
XGB_top150,24,0.7927875243664717,0.9894736842105263,0.5,0.8888888888888888,150
XGB_top150,25,0.7857699805068226,0.968421052631579,0.5,0.8888888888888888,150
XGB_depth3,1,0.5347222222222222,0.9375,0.0,0.6666666666666666,847
XGB_depth3,2,0.6875,0.9791666666666666,0.3333333333333333,0.75,847
XGB_depth3,3,0.9661127403062887,0.989247311827957,1.0,0.9090909090909091,847
XGB_depth3,4,0.6563573883161512,0.9690721649484536,0.0,1.0,847
XGB_depth3,5,0.7558707643814028,0.9787234042553191,0.4,0.8888888888888888,847
XGB_depth3,6,0.6435374149659864,0.9591836734693877,0.4,0.5714285714285714,847
XGB_depth3,7,0.8817966903073285,0.9787234042553191,0.6666666666666666,1.0,847
XGB_depth3,8,0.6747044917257683,0.9574468085106383,0.4,0.6666666666666666,847
XGB_depth3,9,0.7927875243664717,0.9894736842105263,0.5,0.8888888888888888,847
XGB_depth3,10,0.7552042160737814,0.9565217391304348,0.4,0.9090909090909091,847
XGB_depth3,11,0.6178187403993856,0.967741935483871,0.2857142857142857,0.6,847
XGB_depth3,12,0.8263888888888888,0.9791666666666666,0.5,1.0,847
XGB_depth3,13,0.6328548644338118,0.9894736842105263,0.0,0.9090909090909091,847
XGB_depth3,14,0.9298245614035089,0.9894736842105263,0.8,1.0,847
XGB_depth3,15,0.7361111111111112,0.9583333333333334,0.5,0.75,847
XGB_depth3,16,0.7560185185185185,0.9791666666666666,0.4,0.8888888888888888,847
XGB_depth3,17,0.8483430799220272,0.9894736842105263,0.6666666666666666,0.8888888888888888,847
XGB_depth3,18,0.7018445322793149,0.9782608695652174,0.4,0.7272727272727273,847
XGB_depth3,19,0.7116959064327485,0.968421052631579,0.5,0.6666666666666666,847
XGB_depth3,20,0.7892473118279569,0.967741935483871,0.4,1.0,847
XGB_depth3,21,0.5540621266427718,0.967741935483871,0.25,0.4444444444444444,847
XGB_depth3,22,0.7555125725338492,0.9574468085106383,0.4,0.9090909090909091,847
XGB_depth3,23,0.9097222222222222,0.9791666666666666,1.0,0.75,847
XGB_depth3,24,0.7927875243664717,0.9894736842105263,0.5,0.8888888888888888,847
XGB_depth3,25,0.7857699805068226,0.968421052631579,0.5,0.8888888888888888,847
XGB_lr005,1,0.5347222222222222,0.9375,0.0,0.6666666666666666,847
XGB_lr005,2,0.7703007518796993,0.9894736842105263,0.5714285714285714,0.75,847
XGB_lr005,3,0.9661127403062887,0.989247311827957,1.0,0.9090909090909091,847
XGB_lr005,4,0.6563573883161512,0.9690721649484536,0.0,1.0,847
XGB_lr005,5,0.7558707643814028,0.9787234042553191,0.4,0.8888888888888888,847
XGB_lr005,6,0.506974506974507,0.9494949494949495,0.0,0.5714285714285714,847
XGB_lr005,7,0.8817966903073285,0.9787234042553191,0.6666666666666666,1.0,847
XGB_lr005,8,0.6747044917257683,0.9574468085106383,0.4,0.6666666666666666,847
XGB_lr005,9,0.7927875243664717,0.9894736842105263,0.5,0.8888888888888888,847
XGB_lr005,10,0.7552042160737814,0.9565217391304348,0.4,0.9090909090909091,847
XGB_lr005,11,0.6178187403993856,0.967741935483871,0.2857142857142857,0.6,847
XGB_lr005,12,0.8263888888888888,0.9791666666666666,0.5,1.0,847
XGB_lr005,13,0.5930555555555556,0.9791666666666666,0.0,0.8,847
XGB_lr005,14,0.9298245614035089,0.9894736842105263,0.8,1.0,847
XGB_lr005,15,0.7361111111111112,0.9583333333333334,0.5,0.75,847
XGB_lr005,16,0.7560185185185185,0.9791666666666666,0.4,0.8888888888888888,847
XGB_lr005,17,0.8893518518518518,0.9791666666666666,0.8,0.8888888888888888,847
XGB_lr005,18,0.7018445322793149,0.9782608695652174,0.4,0.7272727272727273,847
XGB_lr005,19,0.7430555555555555,0.9791666666666666,0.5,0.75,847
XGB_lr005,20,0.7487785657998424,0.9574468085106383,0.4,0.8888888888888888,847
XGB_lr005,21,0.5355072463768117,0.9565217391304348,0.25,0.4,847
XGB_lr005,22,0.8478331704138156,0.967741935483871,0.6666666666666666,0.9090909090909091,847
XGB_lr005,23,0.9097222222222222,0.9791666666666666,1.0,0.75,847
XGB_lr005,24,0.7927875243664717,0.9894736842105263,0.5,0.8888888888888888,847
XGB_lr005,25,0.7857699805068226,0.968421052631579,0.5,0.8888888888888888,847
XGB_child3,1,0.5347222222222222,0.9375,0.0,0.6666666666666666,847
XGB_child3,2,0.7703007518796993,0.9894736842105263,0.5714285714285714,0.75,847
XGB_child3,3,0.9661127403062887,0.989247311827957,1.0,0.9090909090909091,847
XGB_child3,4,0.6563573883161512,0.9690721649484536,0.0,1.0,847
XGB_child3,5,0.706140350877193,0.968421052631579,0.4,0.75,847
XGB_child3,6,0.6435374149659864,0.9591836734693877,0.4,0.5714285714285714,847
XGB_child3,7,0.8817966903073285,0.9787234042553191,0.6666666666666666,1.0,847
XGB_child3,8,0.6747044917257683,0.9574468085106383,0.4,0.6666666666666666,847
XGB_child3,9,0.7558707643814028,0.9787234042553191,0.4,0.8888888888888888,847
XGB_child3,10,0.7892473118279569,0.967741935483871,0.4,1.0,847
XGB_child3,11,0.7114695340501792,0.967741935483871,0.5,0.6666666666666666,847
XGB_child3,12,0.8263888888888888,0.9791666666666666,0.5,1.0,847
XGB_child3,13,0.5930555555555556,0.9791666666666666,0.0,0.8,847
XGB_child3,14,0.9298245614035089,0.9894736842105263,0.8,1.0,847
XGB_child3,15,0.7857699805068226,0.968421052631579,0.5,0.8888888888888888,847
XGB_child3,16,0.7560185185185185,0.9791666666666666,0.4,0.8888888888888888,847
XGB_child3,17,0.8483430799220272,0.9894736842105263,0.6666666666666666,0.8888888888888888,847
XGB_child3,18,0.8149758454106281,0.9782608695652174,0.6666666666666666,0.8,847
XGB_child3,19,0.7430555555555555,0.9791666666666666,0.5,0.75,847
XGB_child3,20,0.8816425120772946,0.9782608695652174,0.6666666666666666,1.0,847
XGB_child3,21,0.5540621266427718,0.967741935483871,0.25,0.4444444444444444,847
XGB_child3,22,0.8478331704138156,0.967741935483871,0.6666666666666666,0.9090909090909091,847
XGB_child3,23,0.9594541910331383,0.9894736842105263,1.0,0.8888888888888888,847
XGB_child3,24,0.7927875243664717,0.9894736842105263,0.5,0.8888888888888888,847
XGB_child3,25,0.7857699805068226,0.968421052631579,0.5,0.8888888888888888,847
